{
  "ABIRoot": {
    "kind": "Root",
    "name": "TopLevel",
    "printedName": "TopLevel",
    "children": [
      {
        "kind": "Import",
        "name": "Foundation",
        "printedName": "Foundation",
        "declKind": "Import",
        "moduleName": "CryptoBase"
      },
      {
        "kind": "Import",
        "name": "CCryptoBase",
        "printedName": "CCryptoBase",
        "declKind": "Import",
        "moduleName": "CryptoBase",
        "declAttributes": [
          "ImplementationOnly"
        ]
      },
      {
        "kind": "Function",
        "name": "identify",
        "printedName": "identify()",
        "children": [
          {
            "kind": "TypeNominal",
            "name": "String",
            "printedName": "Swift.String",
            "usr": "s:SS"
          }
        ],
        "declKind": "Func",
        "usr": "s:10CryptoBase8identifySSyF",
        "mangledName": "$s10CryptoBase8identifySSyF",
        "moduleName": "CryptoBase",
        "declAttributes": [
          "AccessControl"
        ],
        "funcSelfKind": "NonMutating"
      },
      {
        "kind": "Function",
        "name": "sha256",
        "printedName": "sha256(data:)",
        "children": [
          {
            "kind": "TypeNominal",
            "name": "Data",
            "printedName": "Foundation.Data",
            "usr": "s:10Foundation4DataV"
          },
          {
            "kind": "TypeNominal",
            "name": "Data",
            "printedName": "Foundation.Data",
            "usr": "s:10Foundation4DataV"
          }
        ],
        "declKind": "Func",
        "usr": "s:10CryptoBase6sha2564data10Foundation4DataVAF_tF",
        "mangledName": "$s10CryptoBase6sha2564data10Foundation4DataVAF_tF",
        "moduleName": "CryptoBase",
        "declAttributes": [
          "AccessControl"
        ],
        "funcSelfKind": "NonMutating"
      },
      {
        "kind": "Function",
        "name": "sha512",
        "printedName": "sha512(data:)",
        "children": [
          {
            "kind": "TypeNominal",
            "name": "Data",
            "printedName": "Foundation.Data",
            "usr": "s:10Foundation4DataV"
          },
          {
            "kind": "TypeNominal",
            "name": "Data",
            "printedName": "Foundation.Data",
            "usr": "s:10Foundation4DataV"
          }
        ],
        "declKind": "Func",
        "usr": "s:10CryptoBase6sha5124data10Foundation4DataVAF_tF",
        "mangledName": "$s10CryptoBase6sha5124data10Foundation4DataVAF_tF",
        "moduleName": "CryptoBase",
        "declAttributes": [
          "AccessControl"
        ],
        "funcSelfKind": "NonMutating"
      },
      {
        "kind": "Function",
        "name": "hmacSHA256",
        "printedName": "hmacSHA256(key:message:)",
        "children": [
          {
            "kind": "TypeNominal",
            "name": "Data",
            "printedName": "Foundation.Data",
            "usr": "s:10Foundation4DataV"
          },
          {
            "kind": "TypeNominal",
            "name": "Data",
            "printedName": "Foundation.Data",
            "usr": "s:10Foundation4DataV"
          },
          {
            "kind": "TypeNominal",
            "name": "Data",
            "printedName": "Foundation.Data",
            "usr": "s:10Foundation4DataV"
          }
        ],
        "declKind": "Func",
        "usr": "s:10CryptoBase10hmacSHA2563key7message10Foundation4DataVAG_AGtF",
        "mangledName": "$s10CryptoBase10hmacSHA2563key7message10Foundation4DataVAG_AGtF",
        "moduleName": "CryptoBase",
        "declAttributes": [
          "AccessControl"
        ],
        "funcSelfKind": "NonMutating"
      },
      {
        "kind": "Function",
        "name": "hmacSHA512",
        "printedName": "hmacSHA512(key:message:)",
        "children": [
          {
            "kind": "TypeNominal",
            "name": "Data",
            "printedName": "Foundation.Data",
            "usr": "s:10Foundation4DataV"
          },
          {
            "kind": "TypeNominal",
            "name": "Data",
            "printedName": "Foundation.Data",
            "usr": "s:10Foundation4DataV"
          },
          {
            "kind": "TypeNominal",
            "name": "Data",
            "printedName": "Foundation.Data",
            "usr": "s:10Foundation4DataV"
          }
        ],
        "declKind": "Func",
        "usr": "s:10CryptoBase10hmacSHA5123key7message10Foundation4DataVAG_AGtF",
        "mangledName": "$s10CryptoBase10hmacSHA5123key7message10Foundation4DataVAG_AGtF",
        "moduleName": "CryptoBase",
        "declAttributes": [
          "AccessControl"
        ],
        "funcSelfKind": "NonMutating"
      },
      {
        "kind": "Function",
        "name": "pbkdf2HMACSHA256",
        "printedName": "pbkdf2HMACSHA256(pass:salt:iterations:keyLen:)",
        "children": [
          {
            "kind": "TypeNominal",
            "name": "Data",
            "printedName": "Foundation.Data",
            "usr": "s:10Foundation4DataV"
          },
          {
            "kind": "TypeNominal",
            "name": "Data",
            "printedName": "Foundation.Data",
            "usr": "s:10Foundation4DataV"
          },
          {
            "kind": "TypeNominal",
            "name": "Data",
            "printedName": "Foundation.Data",
            "usr": "s:10Foundation4DataV"
          },
          {
            "kind": "TypeNominal",
            "name": "Int",
            "printedName": "Swift.Int",
            "usr": "s:Si"
          },
          {
            "kind": "TypeNominal",
            "name": "Int",
            "printedName": "Swift.Int",
            "usr": "s:Si"
          }
        ],
        "declKind": "Func",
        "usr": "s:10CryptoBase16pbkdf2HMACSHA2564pass4salt10iterations6keyLen10Foundation4DataVAI_AIS2itF",
        "mangledName": "$s10CryptoBase16pbkdf2HMACSHA2564pass4salt10iterations6keyLen10Foundation4DataVAI_AIS2itF",
        "moduleName": "CryptoBase",
        "declAttributes": [
          "AccessControl"
        ],
        "funcSelfKind": "NonMutating"
      },
      {
        "kind": "Function",
        "name": "crc32",
        "printedName": "crc32(data:)",
        "children": [
          {
            "kind": "TypeNominal",
            "name": "UInt32",
            "printedName": "Swift.UInt32",
            "usr": "s:s6UInt32V"
          },
          {
            "kind": "TypeNominal",
            "name": "Data",
            "printedName": "Foundation.Data",
            "usr": "s:10Foundation4DataV"
          }
        ],
        "declKind": "Func",
        "usr": "s:10CryptoBase5crc324datas6UInt32V10Foundation4DataV_tF",
        "mangledName": "$s10CryptoBase5crc324datas6UInt32V10Foundation4DataV_tF",
        "moduleName": "CryptoBase",
        "declAttributes": [
          "AccessControl"
        ],
        "funcSelfKind": "NonMutating"
      },
      {
        "kind": "Function",
        "name": "crc32n",
        "printedName": "crc32n(data:)",
        "children": [
          {
            "kind": "TypeNominal",
            "name": "UInt32",
            "printedName": "Swift.UInt32",
            "usr": "s:s6UInt32V"
          },
          {
            "kind": "TypeNominal",
            "name": "Data",
            "printedName": "Foundation.Data",
            "usr": "s:10Foundation4DataV"
          }
        ],
        "declKind": "Func",
        "usr": "s:10CryptoBase6crc32n4datas6UInt32V10Foundation4DataV_tF",
        "mangledName": "$s10CryptoBase6crc32n4datas6UInt32V10Foundation4DataV_tF",
        "moduleName": "CryptoBase",
        "declAttributes": [
          "AccessControl"
        ],
        "funcSelfKind": "NonMutating"
      }
    ],
    "json_format_version": 8
  },
  "ConstValues": [
    {
      "filePath": "\/Users\/wolf\/Dropbox\/DevProjects\/BlockchainCommons\/BCLibsSwift\/CryptoBase\/CryptoBase\/CryptoBase.swift",
      "kind": "StringLiteral",
      "offset": 302,
      "length": 12,
      "value": "\"CryptoBase\""
    },
    {
      "filePath": "\/Users\/wolf\/Dropbox\/DevProjects\/BlockchainCommons\/BCLibsSwift\/CryptoBase\/CryptoBase\/CryptoBase.swift",
      "kind": "IntegerLiteral",
      "offset": 392,
      "length": 1,
      "value": "0"
    },
    {
      "filePath": "\/Users\/wolf\/Dropbox\/DevProjects\/BlockchainCommons\/BCLibsSwift\/CryptoBase\/CryptoBase\/CryptoBase.swift",
      "kind": "IntegerLiteral",
      "offset": 402,
      "length": 2,
      "value": "32"
    },
    {
      "filePath": "\/Users\/wolf\/Dropbox\/DevProjects\/BlockchainCommons\/BCLibsSwift\/CryptoBase\/CryptoBase\/CryptoBase.swift",
      "kind": "IntegerLiteral",
      "offset": 763,
      "length": 1,
      "value": "0"
    },
    {
      "filePath": "\/Users\/wolf\/Dropbox\/DevProjects\/BlockchainCommons\/BCLibsSwift\/CryptoBase\/CryptoBase\/CryptoBase.swift",
      "kind": "IntegerLiteral",
      "offset": 773,
      "length": 2,
      "value": "64"
    },
    {
      "filePath": "\/Users\/wolf\/Dropbox\/DevProjects\/BlockchainCommons\/BCLibsSwift\/CryptoBase\/CryptoBase\/CryptoBase.swift",
      "kind": "IntegerLiteral",
      "offset": 1152,
      "length": 1,
      "value": "0"
    },
    {
      "filePath": "\/Users\/wolf\/Dropbox\/DevProjects\/BlockchainCommons\/BCLibsSwift\/CryptoBase\/CryptoBase\/CryptoBase.swift",
      "kind": "IntegerLiteral",
      "offset": 1162,
      "length": 2,
      "value": "32"
    },
    {
      "filePath": "\/Users\/wolf\/Dropbox\/DevProjects\/BlockchainCommons\/BCLibsSwift\/CryptoBase\/CryptoBase\/CryptoBase.swift",
      "kind": "IntegerLiteral",
      "offset": 1711,
      "length": 1,
      "value": "0"
    },
    {
      "filePath": "\/Users\/wolf\/Dropbox\/DevProjects\/BlockchainCommons\/BCLibsSwift\/CryptoBase\/CryptoBase\/CryptoBase.swift",
      "kind": "IntegerLiteral",
      "offset": 1721,
      "length": 2,
      "value": "64"
    },
    {
      "filePath": "\/Users\/wolf\/Dropbox\/DevProjects\/BlockchainCommons\/BCLibsSwift\/CryptoBase\/CryptoBase\/CryptoBase.swift",
      "kind": "IntegerLiteral",
      "offset": 2301,
      "length": 1,
      "value": "0"
    }
  ]
}