{
  "ABIRoot": {
    "kind": "Root",
    "name": "TopLevel",
    "printedName": "TopLevel",
    "children": [
      {
        "kind": "Import",
        "name": "Foundation",
        "printedName": "Foundation",
        "declKind": "Import",
        "moduleName": "SSKR"
      },
      {
        "kind": "Import",
        "name": "CSSKR",
        "printedName": "CSSKR",
        "declKind": "Import",
        "moduleName": "SSKR",
        "declAttributes": [
          "ImplementationOnly"
        ]
      },
      {
        "kind": "Function",
        "name": "identify",
        "printedName": "identify()",
        "children": [
          {
            "kind": "TypeNominal",
            "name": "String",
            "printedName": "Swift.String",
            "usr": "s:SS"
          }
        ],
        "declKind": "Func",
        "usr": "s:4SSKR8identifySSyF",
        "mangledName": "$s4SSKR8identifySSyF",
        "moduleName": "SSKR",
        "declAttributes": [
          "AccessControl"
        ],
        "funcSelfKind": "NonMutating"
      },
      {
        "kind": "TypeDecl",
        "name": "SSKRError",
        "printedName": "SSKRError",
        "children": [
          {
            "kind": "Var",
            "name": "message",
            "printedName": "message",
            "children": [
              {
                "kind": "TypeNominal",
                "name": "String",
                "printedName": "Swift.String",
                "usr": "s:SS"
              }
            ],
            "declKind": "Var",
            "usr": "s:4SSKR9SSKRErrorV7messageSSvp",
            "mangledName": "$s4SSKR9SSKRErrorV7messageSSvp",
            "moduleName": "SSKR",
            "declAttributes": [
              "HasStorage",
              "AccessControl"
            ],
            "isLet": true,
            "hasStorage": true,
            "accessors": [
              {
                "kind": "Accessor",
                "name": "Get",
                "printedName": "Get()",
                "children": [
                  {
                    "kind": "TypeNominal",
                    "name": "String",
                    "printedName": "Swift.String",
                    "usr": "s:SS"
                  }
                ],
                "declKind": "Accessor",
                "usr": "s:4SSKR9SSKRErrorV7messageSSvg",
                "mangledName": "$s4SSKR9SSKRErrorV7messageSSvg",
                "moduleName": "SSKR",
                "implicit": true,
                "accessorKind": "get"
              }
            ]
          },
          {
            "kind": "Constructor",
            "name": "init",
            "printedName": "init(_:)",
            "children": [
              {
                "kind": "TypeNominal",
                "name": "SSKRError",
                "printedName": "SSKR.SSKRError",
                "usr": "s:4SSKR9SSKRErrorV"
              },
              {
                "kind": "TypeNominal",
                "name": "String",
                "printedName": "Swift.String",
                "usr": "s:SS"
              }
            ],
            "declKind": "Constructor",
            "usr": "s:4SSKR9SSKRErrorVyACSScfc",
            "mangledName": "$s4SSKR9SSKRErrorVyACSScfc",
            "moduleName": "SSKR",
            "declAttributes": [
              "AccessControl"
            ],
            "init_kind": "Designated"
          },
          {
            "kind": "Var",
            "name": "errorDescription",
            "printedName": "errorDescription",
            "children": [
              {
                "kind": "TypeNominal",
                "name": "Optional",
                "printedName": "Swift.String?",
                "children": [
                  {
                    "kind": "TypeNominal",
                    "name": "String",
                    "printedName": "Swift.String",
                    "usr": "s:SS"
                  }
                ],
                "usr": "s:Sq"
              }
            ],
            "declKind": "Var",
            "usr": "s:4SSKR9SSKRErrorV16errorDescriptionSSSgvp",
            "mangledName": "$s4SSKR9SSKRErrorV16errorDescriptionSSSgvp",
            "moduleName": "SSKR",
            "declAttributes": [
              "AccessControl"
            ],
            "accessors": [
              {
                "kind": "Accessor",
                "name": "Get",
                "printedName": "Get()",
                "children": [
                  {
                    "kind": "TypeNominal",
                    "name": "Optional",
                    "printedName": "Swift.String?",
                    "children": [
                      {
                        "kind": "TypeNominal",
                        "name": "String",
                        "printedName": "Swift.String",
                        "usr": "s:SS"
                      }
                    ],
                    "usr": "s:Sq"
                  }
                ],
                "declKind": "Accessor",
                "usr": "s:4SSKR9SSKRErrorV16errorDescriptionSSSgvg",
                "mangledName": "$s4SSKR9SSKRErrorV16errorDescriptionSSSgvg",
                "moduleName": "SSKR",
                "accessorKind": "get"
              }
            ]
          }
        ],
        "declKind": "Struct",
        "usr": "s:4SSKR9SSKRErrorV",
        "mangledName": "$s4SSKR9SSKRErrorV",
        "moduleName": "SSKR",
        "declAttributes": [
          "AccessControl"
        ],
        "conformances": [
          {
            "kind": "Conformance",
            "name": "LocalizedError",
            "printedName": "LocalizedError",
            "usr": "s:10Foundation14LocalizedErrorP",
            "mangledName": "$s10Foundation14LocalizedErrorP"
          },
          {
            "kind": "Conformance",
            "name": "Error",
            "printedName": "Error",
            "usr": "s:s5ErrorP",
            "mangledName": "$ss5ErrorP"
          },
          {
            "kind": "Conformance",
            "name": "Sendable",
            "printedName": "Sendable",
            "usr": "s:s8SendableP",
            "mangledName": "$ss8SendableP"
          }
        ]
      },
      {
        "kind": "TypeDecl",
        "name": "SSKRGroupDescriptor",
        "printedName": "SSKRGroupDescriptor",
        "children": [
          {
            "kind": "Var",
            "name": "threshold",
            "printedName": "threshold",
            "children": [
              {
                "kind": "TypeNominal",
                "name": "UInt8",
                "printedName": "Swift.UInt8",
                "usr": "s:s5UInt8V"
              }
            ],
            "declKind": "Var",
            "usr": "s:4SSKR19SSKRGroupDescriptorV9thresholds5UInt8Vvp",
            "mangledName": "$s4SSKR19SSKRGroupDescriptorV9thresholds5UInt8Vvp",
            "moduleName": "SSKR",
            "declAttributes": [
              "HasStorage",
              "AccessControl"
            ],
            "hasStorage": true,
            "accessors": [
              {
                "kind": "Accessor",
                "name": "Get",
                "printedName": "Get()",
                "children": [
                  {
                    "kind": "TypeNominal",
                    "name": "UInt8",
                    "printedName": "Swift.UInt8",
                    "usr": "s:s5UInt8V"
                  }
                ],
                "declKind": "Accessor",
                "usr": "s:4SSKR19SSKRGroupDescriptorV9thresholds5UInt8Vvg",
                "mangledName": "$s4SSKR19SSKRGroupDescriptorV9thresholds5UInt8Vvg",
                "moduleName": "SSKR",
                "implicit": true,
                "accessorKind": "get"
              },
              {
                "kind": "Accessor",
                "name": "Set",
                "printedName": "Set()",
                "children": [
                  {
                    "kind": "TypeNominal",
                    "name": "Void",
                    "printedName": "()"
                  },
                  {
                    "kind": "TypeNominal",
                    "name": "UInt8",
                    "printedName": "Swift.UInt8",
                    "usr": "s:s5UInt8V"
                  }
                ],
                "declKind": "Accessor",
                "usr": "s:4SSKR19SSKRGroupDescriptorV9thresholds5UInt8Vvs",
                "mangledName": "$s4SSKR19SSKRGroupDescriptorV9thresholds5UInt8Vvs",
                "moduleName": "SSKR",
                "implicit": true,
                "accessorKind": "set"
              },
              {
                "kind": "Accessor",
                "name": "Modify",
                "printedName": "Modify()",
                "children": [
                  {
                    "kind": "TypeNominal",
                    "name": "Void",
                    "printedName": "()"
                  }
                ],
                "declKind": "Accessor",
                "usr": "s:4SSKR19SSKRGroupDescriptorV9thresholds5UInt8VvM",
                "mangledName": "$s4SSKR19SSKRGroupDescriptorV9thresholds5UInt8VvM",
                "moduleName": "SSKR",
                "implicit": true,
                "accessorKind": "_modify"
              }
            ]
          },
          {
            "kind": "Var",
            "name": "count",
            "printedName": "count",
            "children": [
              {
                "kind": "TypeNominal",
                "name": "UInt8",
                "printedName": "Swift.UInt8",
                "usr": "s:s5UInt8V"
              }
            ],
            "declKind": "Var",
            "usr": "s:4SSKR19SSKRGroupDescriptorV5counts5UInt8Vvp",
            "mangledName": "$s4SSKR19SSKRGroupDescriptorV5counts5UInt8Vvp",
            "moduleName": "SSKR",
            "declAttributes": [
              "HasStorage",
              "AccessControl"
            ],
            "hasStorage": true,
            "accessors": [
              {
                "kind": "Accessor",
                "name": "Get",
                "printedName": "Get()",
                "children": [
                  {
                    "kind": "TypeNominal",
                    "name": "UInt8",
                    "printedName": "Swift.UInt8",
                    "usr": "s:s5UInt8V"
                  }
                ],
                "declKind": "Accessor",
                "usr": "s:4SSKR19SSKRGroupDescriptorV5counts5UInt8Vvg",
                "mangledName": "$s4SSKR19SSKRGroupDescriptorV5counts5UInt8Vvg",
                "moduleName": "SSKR",
                "implicit": true,
                "accessorKind": "get"
              },
              {
                "kind": "Accessor",
                "name": "Set",
                "printedName": "Set()",
                "children": [
                  {
                    "kind": "TypeNominal",
                    "name": "Void",
                    "printedName": "()"
                  },
                  {
                    "kind": "TypeNominal",
                    "name": "UInt8",
                    "printedName": "Swift.UInt8",
                    "usr": "s:s5UInt8V"
                  }
                ],
                "declKind": "Accessor",
                "usr": "s:4SSKR19SSKRGroupDescriptorV5counts5UInt8Vvs",
                "mangledName": "$s4SSKR19SSKRGroupDescriptorV5counts5UInt8Vvs",
                "moduleName": "SSKR",
                "implicit": true,
                "accessorKind": "set"
              },
              {
                "kind": "Accessor",
                "name": "Modify",
                "printedName": "Modify()",
                "children": [
                  {
                    "kind": "TypeNominal",
                    "name": "Void",
                    "printedName": "()"
                  }
                ],
                "declKind": "Accessor",
                "usr": "s:4SSKR19SSKRGroupDescriptorV5counts5UInt8VvM",
                "mangledName": "$s4SSKR19SSKRGroupDescriptorV5counts5UInt8VvM",
                "moduleName": "SSKR",
                "implicit": true,
                "accessorKind": "_modify"
              }
            ]
          },
          {
            "kind": "Constructor",
            "name": "init",
            "printedName": "init(threshold:count:)",
            "children": [
              {
                "kind": "TypeNominal",
                "name": "SSKRGroupDescriptor",
                "printedName": "SSKR.SSKRGroupDescriptor",
                "usr": "s:4SSKR19SSKRGroupDescriptorV"
              },
              {
                "kind": "TypeNominal",
                "name": "UInt8",
                "printedName": "Swift.UInt8",
                "usr": "s:s5UInt8V"
              },
              {
                "kind": "TypeNominal",
                "name": "UInt8",
                "printedName": "Swift.UInt8",
                "usr": "s:s5UInt8V"
              }
            ],
            "declKind": "Constructor",
            "usr": "s:4SSKR19SSKRGroupDescriptorV9threshold5countACs5UInt8V_AGtcfc",
            "mangledName": "$s4SSKR19SSKRGroupDescriptorV9threshold5countACs5UInt8V_AGtcfc",
            "moduleName": "SSKR",
            "declAttributes": [
              "AccessControl"
            ],
            "init_kind": "Designated"
          }
        ],
        "declKind": "Struct",
        "usr": "s:4SSKR19SSKRGroupDescriptorV",
        "mangledName": "$s4SSKR19SSKRGroupDescriptorV",
        "moduleName": "SSKR",
        "declAttributes": [
          "AccessControl"
        ]
      },
      {
        "kind": "Function",
        "name": "SSKRCountShares",
        "printedName": "SSKRCountShares(groupThreshold:groups:)",
        "children": [
          {
            "kind": "TypeNominal",
            "name": "Int",
            "printedName": "Swift.Int",
            "usr": "s:Si"
          },
          {
            "kind": "TypeNominal",
            "name": "Int",
            "printedName": "Swift.Int",
            "usr": "s:Si"
          },
          {
            "kind": "TypeNominal",
            "name": "Array",
            "printedName": "[SSKR.SSKRGroupDescriptor]",
            "children": [
              {
                "kind": "TypeNominal",
                "name": "SSKRGroupDescriptor",
                "printedName": "SSKR.SSKRGroupDescriptor",
                "usr": "s:4SSKR19SSKRGroupDescriptorV"
              }
            ],
            "usr": "s:Sa"
          }
        ],
        "declKind": "Func",
        "usr": "s:4SSKR15SSKRCountShares14groupThreshold6groupsS2i_SayAA19SSKRGroupDescriptorVGtKF",
        "mangledName": "$s4SSKR15SSKRCountShares14groupThreshold6groupsS2i_SayAA19SSKRGroupDescriptorVGtKF",
        "moduleName": "SSKR",
        "declAttributes": [
          "AccessControl"
        ],
        "throwing": true,
        "funcSelfKind": "NonMutating"
      },
      {
        "kind": "TypeDecl",
        "name": "SSKRShare",
        "printedName": "SSKRShare",
        "children": [
          {
            "kind": "Var",
            "name": "data",
            "printedName": "data",
            "children": [
              {
                "kind": "TypeNominal",
                "name": "Array",
                "printedName": "[Swift.UInt8]",
                "children": [
                  {
                    "kind": "TypeNominal",
                    "name": "UInt8",
                    "printedName": "Swift.UInt8",
                    "usr": "s:s5UInt8V"
                  }
                ],
                "usr": "s:Sa"
              }
            ],
            "declKind": "Var",
            "usr": "s:4SSKR9SSKRShareV4dataSays5UInt8VGvp",
            "mangledName": "$s4SSKR9SSKRShareV4dataSays5UInt8VGvp",
            "moduleName": "SSKR",
            "declAttributes": [
              "HasStorage",
              "AccessControl"
            ],
            "isLet": true,
            "hasStorage": true,
            "accessors": [
              {
                "kind": "Accessor",
                "name": "Get",
                "printedName": "Get()",
                "children": [
                  {
                    "kind": "TypeNominal",
                    "name": "Array",
                    "printedName": "[Swift.UInt8]",
                    "children": [
                      {
                        "kind": "TypeNominal",
                        "name": "UInt8",
                        "printedName": "Swift.UInt8",
                        "usr": "s:s5UInt8V"
                      }
                    ],
                    "usr": "s:Sa"
                  }
                ],
                "declKind": "Accessor",
                "usr": "s:4SSKR9SSKRShareV4dataSays5UInt8VGvg",
                "mangledName": "$s4SSKR9SSKRShareV4dataSays5UInt8VGvg",
                "moduleName": "SSKR",
                "implicit": true,
                "accessorKind": "get"
              }
            ]
          },
          {
            "kind": "Constructor",
            "name": "init",
            "printedName": "init(data:)",
            "children": [
              {
                "kind": "TypeNominal",
                "name": "SSKRShare",
                "printedName": "SSKR.SSKRShare",
                "usr": "s:4SSKR9SSKRShareV"
              },
              {
                "kind": "TypeNominal",
                "name": "Array",
                "printedName": "[Swift.UInt8]",
                "children": [
                  {
                    "kind": "TypeNominal",
                    "name": "UInt8",
                    "printedName": "Swift.UInt8",
                    "usr": "s:s5UInt8V"
                  }
                ],
                "usr": "s:Sa"
              }
            ],
            "declKind": "Constructor",
            "usr": "s:4SSKR9SSKRShareV4dataACSays5UInt8VG_tcfc",
            "mangledName": "$s4SSKR9SSKRShareV4dataACSays5UInt8VG_tcfc",
            "moduleName": "SSKR",
            "declAttributes": [
              "AccessControl"
            ],
            "init_kind": "Designated"
          }
        ],
        "declKind": "Struct",
        "usr": "s:4SSKR9SSKRShareV",
        "mangledName": "$s4SSKR9SSKRShareV",
        "moduleName": "SSKR",
        "declAttributes": [
          "AccessControl"
        ]
      },
      {
        "kind": "Function",
        "name": "SSKRGenerate",
        "printedName": "SSKRGenerate(groupThreshold:groups:secret:randomGenerator:)",
        "children": [
          {
            "kind": "TypeNominal",
            "name": "Array",
            "printedName": "[[SSKR.SSKRShare]]",
            "children": [
              {
                "kind": "TypeNominal",
                "name": "Array",
                "printedName": "[SSKR.SSKRShare]",
                "children": [
                  {
                    "kind": "TypeNominal",
                    "name": "SSKRShare",
                    "printedName": "SSKR.SSKRShare",
                    "usr": "s:4SSKR9SSKRShareV"
                  }
                ],
                "usr": "s:Sa"
              }
            ],
            "usr": "s:Sa"
          },
          {
            "kind": "TypeNominal",
            "name": "Int",
            "printedName": "Swift.Int",
            "usr": "s:Si"
          },
          {
            "kind": "TypeNominal",
            "name": "Array",
            "printedName": "[SSKR.SSKRGroupDescriptor]",
            "children": [
              {
                "kind": "TypeNominal",
                "name": "SSKRGroupDescriptor",
                "printedName": "SSKR.SSKRGroupDescriptor",
                "usr": "s:4SSKR19SSKRGroupDescriptorV"
              }
            ],
            "usr": "s:Sa"
          },
          {
            "kind": "TypeNominal",
            "name": "Data",
            "printedName": "Foundation.Data",
            "usr": "s:10Foundation4DataV"
          },
          {
            "kind": "TypeFunc",
            "name": "Function",
            "printedName": "(Swift.Int) -> Foundation.Data",
            "children": [
              {
                "kind": "TypeNominal",
                "name": "Data",
                "printedName": "Foundation.Data",
                "usr": "s:10Foundation4DataV"
              },
              {
                "kind": "TypeNominal",
                "name": "Int",
                "printedName": "Swift.Int",
                "usr": "s:Si"
              }
            ]
          }
        ],
        "declKind": "Func",
        "usr": "s:4SSKR12SSKRGenerate14groupThreshold6groups6secret15randomGeneratorSaySayAA9SSKRShareVGGSi_SayAA19SSKRGroupDescriptorVG10Foundation4DataVAPSictKF",
        "mangledName": "$s4SSKR12SSKRGenerate14groupThreshold6groups6secret15randomGeneratorSaySayAA9SSKRShareVGGSi_SayAA19SSKRGroupDescriptorVG10Foundation4DataVAPSictKF",
        "moduleName": "SSKR",
        "declAttributes": [
          "AccessControl"
        ],
        "throwing": true,
        "funcSelfKind": "NonMutating"
      },
      {
        "kind": "Function",
        "name": "SSKRCombine",
        "printedName": "SSKRCombine(shares:)",
        "children": [
          {
            "kind": "TypeNominal",
            "name": "Data",
            "printedName": "Foundation.Data",
            "usr": "s:10Foundation4DataV"
          },
          {
            "kind": "TypeNominal",
            "name": "Array",
            "printedName": "[SSKR.SSKRShare]",
            "children": [
              {
                "kind": "TypeNominal",
                "name": "SSKRShare",
                "printedName": "SSKR.SSKRShare",
                "usr": "s:4SSKR9SSKRShareV"
              }
            ],
            "usr": "s:Sa"
          }
        ],
        "declKind": "Func",
        "usr": "s:4SSKR11SSKRCombine6shares10Foundation4DataVSayAA9SSKRShareVG_tKF",
        "mangledName": "$s4SSKR11SSKRCombine6shares10Foundation4DataVSayAA9SSKRShareVG_tKF",
        "moduleName": "SSKR",
        "declAttributes": [
          "AccessControl"
        ],
        "throwing": true,
        "funcSelfKind": "NonMutating"
      }
    ],
    "json_format_version": 8
  },
  "ConstValues": [
    {
      "filePath": "\/Users\/wolf\/Dropbox\/DevProjects\/BlockchainCommons\/BCLibsSwift\/SSKR\/SSKR\/SSKR.swift",
      "kind": "StringLiteral",
      "offset": 92,
      "length": 6,
      "value": "\"SSKR\""
    },
    {
      "filePath": "\/Users\/wolf\/Dropbox\/DevProjects\/BlockchainCommons\/BCLibsSwift\/SSKR\/SSKR\/SSKR.swift",
      "kind": "IntegerLiteral",
      "offset": 1291,
      "length": 1,
      "value": "0"
    },
    {
      "filePath": "\/Users\/wolf\/Dropbox\/DevProjects\/BlockchainCommons\/BCLibsSwift\/SSKR\/SSKR\/SSKR.swift",
      "kind": "StringLiteral",
      "offset": 1324,
      "length": 23,
      "value": "\"SSKR error: \""
    },
    {
      "filePath": "\/Users\/wolf\/Dropbox\/DevProjects\/BlockchainCommons\/BCLibsSwift\/SSKR\/SSKR\/SSKR.swift",
      "kind": "StringLiteral",
      "offset": 1346,
      "length": 2,
      "value": "\"\""
    },
    {
      "filePath": "\/Users\/wolf\/Dropbox\/DevProjects\/BlockchainCommons\/BCLibsSwift\/SSKR\/SSKR\/SSKR.swift",
      "kind": "IntegerLiteral",
      "offset": 1737,
      "length": 1,
      "value": "5"
    },
    {
      "filePath": "\/Users\/wolf\/Dropbox\/DevProjects\/BlockchainCommons\/BCLibsSwift\/SSKR\/SSKR\/SSKR.swift",
      "kind": "IntegerLiteral",
      "offset": 1906,
      "length": 1,
      "value": "0"
    },
    {
      "filePath": "\/Users\/wolf\/Dropbox\/DevProjects\/BlockchainCommons\/BCLibsSwift\/SSKR\/SSKR\/SSKR.swift",
      "kind": "IntegerLiteral",
      "offset": 1952,
      "length": 1,
      "value": "0"
    },
    {
      "filePath": "\/Users\/wolf\/Dropbox\/DevProjects\/BlockchainCommons\/BCLibsSwift\/SSKR\/SSKR\/SSKR.swift",
      "kind": "IntegerLiteral",
      "offset": 2627,
      "length": 1,
      "value": "0"
    },
    {
      "filePath": "\/Users\/wolf\/Dropbox\/DevProjects\/BlockchainCommons\/BCLibsSwift\/SSKR\/SSKR\/SSKR.swift",
      "kind": "StringLiteral",
      "offset": 2769,
      "length": 31,
      "value": "\"SSKR encoding error: \""
    },
    {
      "filePath": "\/Users\/wolf\/Dropbox\/DevProjects\/BlockchainCommons\/BCLibsSwift\/SSKR\/SSKR\/SSKR.swift",
      "kind": "StringLiteral",
      "offset": 2799,
      "length": 2,
      "value": "\"\""
    },
    {
      "filePath": "\/Users\/wolf\/Dropbox\/DevProjects\/BlockchainCommons\/BCLibsSwift\/SSKR\/SSKR\/SSKR.swift",
      "kind": "IntegerLiteral",
      "offset": 2863,
      "length": 1,
      "value": "0"
    },
    {
      "filePath": "\/Users\/wolf\/Dropbox\/DevProjects\/BlockchainCommons\/BCLibsSwift\/SSKR\/SSKR\/SSKR.swift",
      "kind": "IntegerLiteral",
      "offset": 2943,
      "length": 1,
      "value": "0"
    },
    {
      "filePath": "\/Users\/wolf\/Dropbox\/DevProjects\/BlockchainCommons\/BCLibsSwift\/SSKR\/SSKR\/SSKR.swift",
      "kind": "IntegerLiteral",
      "offset": 3308,
      "length": 1,
      "value": "0"
    },
    {
      "filePath": "\/Users\/wolf\/Dropbox\/DevProjects\/BlockchainCommons\/BCLibsSwift\/SSKR\/SSKR\/SSKR.swift",
      "kind": "StringLiteral",
      "offset": 3341,
      "length": 20,
      "value": "\"No shares provided\""
    },
    {
      "filePath": "\/Users\/wolf\/Dropbox\/DevProjects\/BlockchainCommons\/BCLibsSwift\/SSKR\/SSKR\/SSKR.swift",
      "kind": "IntegerLiteral",
      "offset": 3459,
      "length": 1,
      "value": "1"
    },
    {
      "filePath": "\/Users\/wolf\/Dropbox\/DevProjects\/BlockchainCommons\/BCLibsSwift\/SSKR\/SSKR\/SSKR.swift",
      "kind": "StringLiteral",
      "offset": 3492,
      "length": 39,
      "value": "\"Shares don't all have the same length\""
    },
    {
      "filePath": "\/Users\/wolf\/Dropbox\/DevProjects\/BlockchainCommons\/BCLibsSwift\/SSKR\/SSKR\/SSKR.swift",
      "kind": "IntegerLiteral",
      "offset": 3618,
      "length": 1,
      "value": "5"
    },
    {
      "filePath": "\/Users\/wolf\/Dropbox\/DevProjects\/BlockchainCommons\/BCLibsSwift\/SSKR\/SSKR\/SSKR.swift",
      "kind": "IntegerLiteral",
      "offset": 3737,
      "length": 1,
      "value": "0"
    },
    {
      "filePath": "\/Users\/wolf\/Dropbox\/DevProjects\/BlockchainCommons\/BCLibsSwift\/SSKR\/SSKR\/SSKR.swift",
      "kind": "IntegerLiteral",
      "offset": 3876,
      "length": 1,
      "value": "0"
    },
    {
      "filePath": "\/Users\/wolf\/Dropbox\/DevProjects\/BlockchainCommons\/BCLibsSwift\/SSKR\/SSKR\/SSKR.swift",
      "kind": "IntegerLiteral",
      "offset": 4033,
      "length": 1,
      "value": "0"
    },
    {
      "filePath": "\/Users\/wolf\/Dropbox\/DevProjects\/BlockchainCommons\/BCLibsSwift\/SSKR\/SSKR\/SSKR.swift",
      "kind": "IntegerLiteral",
      "offset": 4216,
      "length": 1,
      "value": "0"
    },
    {
      "filePath": "\/Users\/wolf\/Dropbox\/DevProjects\/BlockchainCommons\/BCLibsSwift\/SSKR\/SSKR\/SSKR.swift",
      "kind": "StringLiteral",
      "offset": 4400,
      "length": 31,
      "value": "\"SSKR decoding error: \""
    },
    {
      "filePath": "\/Users\/wolf\/Dropbox\/DevProjects\/BlockchainCommons\/BCLibsSwift\/SSKR\/SSKR\/SSKR.swift",
      "kind": "StringLiteral",
      "offset": 4430,
      "length": 2,
      "value": "\"\""
    }
  ]
}